{
    "规则名": "云镜影视",
    "规则作者": "香雅情",
    "请求头参数": "User-Agent$手机#Referer$https://v.t-ui.cn#Cookie$ecPopup=1",
    "网页编码格式": "UTF-8",
    "图片是否需要代理": "1",
    "是否开启获取首页数据": "1",
    "首页推荐链接": "https://v.t-ui.cn/index.php/map/index.html",
    "首页列表数组规则": "body&&.list-vod",
    "首页片单列表数组规则": ".public-list-box",
    "首页片单是否Jsoup写法": "1",
    "首页片单标题": "a&&title",
    "首页片单链接": "a&&href",
    "首页片单图片": ".lazy&&data-original",
    "首页片单副标题": ".public-list-prb&&Text",
    "首页片单链接加前缀": "https://v.t-ui.cn",
    "首页片单链接加后缀": "",
    "分类起始页码": "1",
    "分类链接": "https://v.t-ui.cn/index.php/api/vod?type={cateId}&page={catePg}&time=时间戳&key=md5(DS时间戳DCC147D11943AF75);post",
    "分类名称": "电影&电视剧&综艺&动漫",
    "分类名称替换词": "20&37&45&43",
    "筛选数据": {},
    "筛选子分类名称": "",
    "筛选子分类替换词": "",
    "筛选类型名称": "",
    "筛选类型替换词": "*",
    "筛选地区名称": "",
    "筛选地区替换词": "*",
    "筛选年份名称": "",
    "筛选年份替换词": "*",
    "筛选语言名称": "",
    "筛选语言替换词": "*",
    "筛选排序名称": "时间&人气&评分",
    "筛选排序替换词": "time&hits&score",
    "分类截取模式": "0",
    "分类列表数组规则": "list",
    "分类片单是否Jsoup写法": "1",
    "分类片单标题": "vod_name",
    "分类片单链接": "vod_id",
    "分类片单图片": "vod_pic",
    "分类片单副标题": "vod_remarks",
    "分类片单链接加前缀": "https://v.t-ui.cn/index.php/vod/detail/id/",
    "分类片单链接加后缀": ".html",
    "搜索请求头参数": "User-Agent$手机",
    "搜索链接": "https://v.t-ui.cn/index.php/vod/search/page/1/wd/{wd}.html",
    "POST请求数据": "",
    "搜索截取模式": "1",
    "搜索列表数组规则": "body&&.search-box",
    "搜索片单是否Jsoup写法": "1",
    "搜索片单图片": ".lazy&&data-original",
    "搜索片单标题": ".thumb-txt&&Text",
    "搜索片单链接": "a&&href",
    "搜索片单副标题": ".public-list-prb&&Text",
    "搜索片单链接加前缀": "https://v.t-ui.cn",
    "搜索片单链接加后缀": "",
    "链接是否直接播放": "0",
    "直接播放链接加前缀": "https://live.52sf.ga/huya/",
    "直接播放链接加后缀": "#isVideo=true#",
    "直接播放直链视频请求头": "authority$ku.peizq.online#Referer$https://play.peizq.online",
    "详情是否Jsoup写法": "1",
    "类型详情": "",
    "年代详情": "",
    "地区详情": "",
    "演员详情": ".detail-info&&.slide-info,2&&Text!演员 :",
    "简介详情": "#height_limit&&Text",
    "线路列表数组规则": ".anthology-tab&&a",
    "线路标题": "Text",
    "播放列表数组规则": "body&&.anthology-list-play",
    "选集列表数组规则": "li",
    "选集标题链接是否Jsoup写法": "1",
    "选集标题": "a&&Text",
    "选集链接": "a&&href",
    "是否反转选集序列": "0",
    "选集链接加前缀": "https://v.t-ui.cn",
    "选集链接加后缀": "",
    "分析MacPlayer": "0",
    "是否开启手动嗅探": "0",
    "手动嗅探视频链接关键词": ".mp4#.m3u8#.flv#video/tos",
    "手动嗅探视频链接过滤词": ".html#=http"
}