{
    "规则名": "看看剧",
    "规则作者": "香雅情",
    "请求头参数": "MOBILE_UA",
    "网页编码格式": "UTF-8",
    "图片是否需要代理": "0",
    "是否开启获取首页数据": "1",
    "首页推荐链接": "https://kankanju.cc/",
    "首页列表数组规则": "body&&.stui-vodlist:has(h4)",
    "首页片单列表数组规则": "li",
    "首页片单是否Jsoup写法": "1",
    "分类起始页码": "1",
    "分类链接": "https://kankanju.cc/vodshow/area/{area}/by/{by}/class/{class}/id/{cateId}/page/{catePg}/year/{year}.html",
    "分类名称": "电影&电视剧&综艺&动漫&纪录片",
    "分类名称替换词": "dianying&dianshiju&zongyi&dongman&jilupian",
    "筛选数据": "ext",
    "筛选子分类名称": "动作片&喜剧片&爱情片&科幻片&恐怖片&剧情片&战争片&动画片||国产剧&港台剧&日韩剧&欧美剧&泰国剧",
    "筛选子分类替换词": "dongzuopian&xijupian&aiqingpian&kehuanpian&kongbupian&juqingpian&zhanzhengpian&donghua||guochanju&gangtaiju&rihanju&oumeiju&taiguoju",
    "筛选类型名称": "",
    "筛选类型替换词": "*",
    "筛选年份名称": "2023&2022&2021&2020&2019&2018&2017&2016&2015&2014&2013&2012&2011&2010&2009&2008&2007&2006&2005&2004&2003&2002&2001&2000&1990&1980&1970&1960&1950",
    "筛选年份替换词": "*",
    "筛选排序名称": "时间&人气&评分",
    "筛选排序替换词": "time&hits&score",
    "分类截取模式": "1",
    "分类Json数据二次截取": "",
    "分类列表数组规则": ".stui-vodlist&&li",
    "分类片单是否Jsoup写法": "1",
    "分类片单标题": "h4&&a&&Text",
    "分类片单链接": "h4&&a&&href",
    "分类片单图片": ".lazyload&&data-original",
    "分类片单副标题": ".pic-text&&Text",
    "分类片单链接加前缀": "https://kankanju.cc",
    "分类片单链接加后缀": "",
    "搜索请求头参数": "User-Agent$MOBILE_UA",
    "搜索链接": "https://kankanju.cc/vodsearch.html?wd={wd}&submit=",
    "POST请求数据": "wd={wd}&submit=",
    "搜索截取模式": "1",
    "搜索列表数组规则": ".stui-vodlist&&li",
    "搜索片单是否Jsoup写法": "1",
    "搜索片单图片": ".lazyload&&data-original",
    "搜索片单标题": "h4&&a&&Text",
    "搜索片单链接": "h4&&a&&href",
    "搜索片单副标题": ".pic-text&&Text",
    "搜索片单链接加前缀": "https://kankanju.cc",
    "搜索片单链接加后缀": "",
    "链接是否直接播放": "0",
    "直接播放链接加前缀": "https://live.52sf.ga/huya/",
    "直接播放链接加后缀": "#isVideo=true#",
    "直接播放直链视频请求头": "authority$ku.peizq.online#Referer$https://play.peizq.online",
    "详情是否Jsoup写法": "0",
    "类型详情": "类型：&&</p>",
    "年代详情": "",
    "地区详情": "",
    "演员详情": "主演：&&</p>",
    "简介详情": "display: none;\">&&</span>",
    "线路列表数组规则": "body&&.stui-vodlist__head",
    "线路标题": "h3&&Text",
    "播放列表数组规则": "body&&.stui-content__playlist",
    "选集列表数组规则": "li",
    "选集标题链接是否Jsoup写法": "1",
    "选集标题": "a&&Text",
    "选集链接": "a&&href",
    "是否反转选集序列": "0",
    "选集链接加前缀": "https://kankanju.cc",
    "选集链接加后缀": "",
    "分析MacPlayer": "2",
    "是否开启手动嗅探": "0",
    "手动嗅探视频链接关键词": ".mp4#.m3u8#.flv#video/tos",
    "手动嗅探视频链接过滤词": ".html#?http"
}