{
    "规则名": "素白白影视",
    "规则作者": "香雅情",
    "请求头参数": "PC_UA",
    "网页编码格式": "UTF-8",
    "图片是否需要代理": "1",
    "是否开启获取首页数据": "1",
    "分类起始页码": "1",
    "分类链接": "https://www.subaibaiys.com/{cateId}/page/{catePg}[firstPage=https://www.subaibaiys.com/{cateId}]",
    "分类名称": "电影&电视剧&热门电影&高分电影&动漫电影&香港经典电影&国产剧&欧美剧&韩剧&动漫剧",
    "分类名称替换词": "new-movie&tv-drama&hot-month&high-movie&cartoon-movie&hongkong-movie&domestic-drama&american-drama&korean-drama&anime-drama",
    "筛选数据": {},
    "分类截取模式": "1",
    "分类列表数组规则": ".mrb&&ul&&li",
    "分类片单是否Jsoup写法": "1",
    "分类片单标题": "h3&&Text",
    "分类片单链接": "a&&href",
    "分类片单图片": "img&&data-original",
    "分类片单副标题": ".jidi||.qb&&Text",
    "分类片单链接加前缀": "",
    "分类片单链接加后缀": "",
    "搜索请求头参数": "User-Agent$PC_UA",
    "搜索链接": "https://www.subaibaiys.com/search?q={wd}",
    "POST请求数据": "wd={wd}&search=",
    "搜索截取模式": "1",
    "搜索列表数组规则": ".search_list&&ul&&li",
    "搜索片单是否Jsoup写法": "1",
    "搜索片单图片": "img&&data-original",
    "搜索片单标题": "h3&&Text",
    "搜索片单链接": "a&&href",
    "搜索片单副标题": ".jidi||.nostag&&Text",
    "搜索片单链接加前缀": "",
    "搜索片单链接加后缀": "",
    "链接是否直接播放": "0",
    "直接播放链接加前缀": "https://live.52sf.ga/huya/",
    "直接播放链接加后缀": "#isVideo=true#",
    "直接播放直链视频请求头": "authority$ku.peizq.online#Referer$https://play.peizq.online",
    "详情是否Jsoup写法": "1",
    "类型详情": "",
    "年代详情": "",
    "地区详情": "",
    "演员详情": ".moviedteail_list&&li,7&&Text!主演：",
    "简介详情": ".yp_context&&Text",
    "线路列表数组规则": ".mi_paly_box:has(.paly_list_btn)&&.ypxingq_t",
    "线路标题": "span&&Text",
    "播放列表数组规则": ".mi_paly_box:has(.paly_list_btn)&&.paly_list_btn",
    "选集列表数组规则": "a",
    "选集标题链接是否Jsoup写法": "1",
    "选集标题": "a&&Text",
    "选集链接": "a&&href",
    "是否反转选集序列": "0",
    "选集链接加前缀": "",
    "选集链接加后缀": "",
    "分析MacPlayer": "0",
    "是否开启手动嗅探": "0",
    "手动嗅探视频链接关键词": ".mp4#.m3u8#.flv",
    "手动嗅探视频链接过滤词": ".html#=http"
}