{"spider":"./spider.jar",
"wallpaper":"./壁纸.jpg",
"sites":
	[{"key":"豆瓣","name":"豆瓣","type":3,"api":"./JS/drpy.min.js","ext":"./JS/豆瓣.js","searchable":0,"quickSearch":0,"filterable":1},
	{"key":"小苹果","name":"小苹果","type":3,"api":"csp_LiteApple","playerType":1,"searchable":1,"quickSearch":1,"filterable":1},
	{"key":"九九六","name":"九九六","type":3,"api":"csp_AppYsV2","searchable":1,"quickSearch":1,"filterable":1,"ext":"http://dytt996.com/api.php/app/"},
	{"key":"北极狐","name":"北极狐","type":3,"api":"csp_AppYsV2","searchable":1,"quickSearch":1,"filterable":1,"ext":"https://www.kuin.one/api.php/app/"},
	{"key":"迷你库","name":"迷你库","type":3,"api":"csp_AppYsV2","searchable":1,"quickSearch":1,"filterable":1,"ext":"http://www.miniku.cc/xgapp.php/v1/"},
	{"key":"萌蛋蛋","name":"萌蛋蛋","type":3,"api":"csp_AppYsV2","searchable":1,"quickSearch":1,"filterable":1,"ext":"http://app.mengdandan.com/xgapp.php/v1/"},
	{"key":"平头哥","name":"平头哥","type":3,"api":"csp_AppYsV2","searchable":1,"quickSearch":1,"filterable":1,"ext":"http://www.pingtouge.top/ruifenglb_api.php/v1.vod"},
	{"key":"新视觉","name":"新视觉","type":3,"api":"csp_XBPQ","searchable":1,"quickSearch":1,"filterable":1,"ext":"./XBPQ/新视觉.json"},
	{"key":"真不卡","name":"真不卡","type":3,"api":"csp_XBPQ","searchable":1,"quickSearch":1,"filterable":1,"ext":"./XBPQ/真不卡.json"},
	{"key":"视频库","name":"视频库","type":3,"api":"csp_XYQHiker","searchable":1,"quickSearch":1,"filterable":1,"ext":"./XYQHiker/视频库.json"},
	{"key":"独播库","name":"独播库","type":3,"api":"csp_XYQHiker","searchable":1,"quickSearch":1,"filterable":1,"ext":"./XYQHiker/独播库.json"},
	{"key":"臭蛋蛋","name":"臭蛋蛋","type":3,"api":"csp_XYQHiker","searchable":1,"quickSearch":1,"filterable":1,"ext":"./XYQHiker/臭蛋蛋.json"},
	{"key":"野荷塘","name":"野荷塘","type":3,"api":"csp_XYQHiker","searchable":1,"quickSearch":1,"filterable":1,"ext":"./XYQHiker/野荷塘.json"},
	{"key":"红领巾","name":"红领巾","type":3,"api":"csp_XYQHiker","searchable":1,"quickSearch":1,"filterable":1,"ext":"./XYQHiker/红领巾.json"},
	{"key":"素白白","name":"素白白","type":3,"api":"csp_XYQHiker","searchable":1,"quickSearch":1,"filterable":1,"ext":"./XYQHiker/素白白.json"},
	{"key":"我不卡","name":"我不卡","type":3,"api":"csp_XYQHiker","searchable":1,"quickSearch":1,"filterable":1,"ext":"./XYQHiker/我不卡.json"},
	{"key":"电影牛","name":"电影牛","type":3,"api":"csp_XYQHiker","searchable":1,"quickSearch":1,"filterable":1,"ext":"./XYQHiker/电影牛.json"},
	{"key":"看看剧","name":"看看剧","type":3,"api":"csp_XYQHiker","searchable":1,"quickSearch":1,"filterable":1,"ext":"./XYQHiker/看看剧.json"},
	{"key":"五五五","name":"五五五","type":3,"api":"csp_XYQHiker","searchable":1,"quickSearch":1,"filterable":1,"ext":"./XYQHiker/五五五.json"},
	{"key":"一三九","name":"一三九","type":3,"api":"./JS/drpy.min.js","ext":"./JS/一三九.js"},
	{"key":"影渣渣","name":"影渣渣","type":3,"api":"./JS/drpy.min.js","ext":"./JS/影渣渣.js"},
	{"key":"柒之社","name":"柒之社","type":3,"api":"./JS/drpy.min.js","ext":"./JS/柒之社.js"},
	{"key":"小猫咪","name":"小猫咪","type":3,"api":"./JS/drpy.min.js","ext":"./JS/小猫咪.js"},
	{"key":"七小时","name":"七小时","type":3,"api":"./JS/drpy.min.js","ext":"./JS/七小时.js"},
	{"key":"视中心","name":"视中心","type":3,"api":"./JS/drpy.min.js","ext":"./JS/视中心.js"},
	{"key":"看看屋","name":"看看屋","type":3,"api":"./JS/drpy.min.js","ext":"./JS/看看屋.js"},
	{"key":"达达龟","name":"达达龟","type":3,"api":"./JS/drpy.min.js","ext":"./JS/达达龟.js"},
	{"key":"四个圈","name":"四个圈","type":3,"api":"./JS/drpy.min.js","ext":"./JS/四个圈.js"},
	{"key":"看了么","name":"看了么","type":3,"api":"./JS/drpy.min.js","ext":"./JS/看了么.js"},
	{"key":"追剧兔","name":"追剧兔","type":3,"api":"./JS/drpy.min.js","ext":"./JS/追剧兔.js"},
	{"key":"零零七","name":"零零七","type":3,"api":"./JS/drpy.min.js","ext":"./JS/零零七.js"},
	{"key":"小白菜","name":"小白菜","type":3,"api":"./JS/drpy.min.js","ext":"./JS/小白菜.js"},
	{"key":"美剧网","name":"美剧网","type":3,"api":"./JS/drpy.min.js","ext":"./JS/美剧网.js"},
	{"key":"一零一","name":"一零一","type":3,"api":"./JS/drpy.min.js","ext":"./JS/一零一.js"},
	{"key":"三四五","name":"三四五","type":3,"api":"./JS/drpy.min.js","ext":"./JS/三四五.js"},
	{"key":"免费看","name":"免费看","type":3,"api":"./JS/drpy.min.js","ext":"./JS/免费看.js"},
	{"key":"花猫TV","name":"花猫TV","type":3,"api":"./JS/drpy.min.js","ext":"./JS/花猫TV.js"},
	{"key":"六度TV","name":"六度TV","type":3,"api":"./JS/drpy.min.js","ext":"./JS/六度TV.js"},
	{"key":"网飞TV","name":"网飞TV","type":3,"api":"./JS/drpy.min.js","ext":"./JS/网飞TV.js"},
	{"key":"一零八零","name":"一零八零","type":3,"api":"./JS/drpy.min.js","ext":"./JS/1080.js"},
	{"key":"九一免费","name":"九一免费","type":3,"api":"./JS/drpy.min.js","ext":"./JS/91Free.js"},
	{"key":"魔力高清","name":"魔力高清","type":3,"api":"./JS/drpy.min.js","ext":"./JS/HDmoli.js"},
	{"key":"可乐影视","name":"可乐影视","type":3,"api":"./JS/drpy.min.js","ext":"./JS/CokeMV.js"},
	{"key":"米爱影视","name":"米爱影视","type":3,"api":"./JS/drpy.min.js","ext":"./JS/米爱影视.js"},
	{"key":"酷云七七","name":"酷云七七","type":3,"api":"./JS/drpy.min.js","ext":"./JS/酷云七七.js"},
	{"key":"城市电影","name":"城市电影","type":3,"api":"./JS/drpy.min.js","ext":"./JS/城市电影.js"},
	{"key":"零度影视","name":"零度影视","type":3,"api":"./JS/drpy.min.js","ext":"./JS/零度影视.js"},
	{"key":"碟调影视","name":"碟调影视","type":3,"api":"./JS/drpy.min.js","ext":"./JS/碟调影视.js"},
	{"key":"大米星球","name":"大米星球","type":3,"api":"./JS/drpy.min.js","ext":"./JS/大米星球.js"},
	{"key":"番茄影视","name":"番茄影视","type":3,"api":"./JS/drpy.min.js","ext":"./JS/番茄影视.js"},
	{"key":"麻花影视","name":"麻花影视","type":3,"api":"./JS/drpy.min.js","ext":"./JS/麻花影视.js"},
	{"key":"蚂蚁影视","name":"蚂蚁影视","type":3,"api":"./JS/drpy.min.js","ext":"./JS/蚂蚁影视.js"},
	{"key":"超前点播","name":"超前点播","type":3,"api":"./JS/drpy.min.js","ext":"./JS/超前点播.js"},
	{"key":"南瓜影院","name":"南瓜影院","type":3,"api":"./JS/drpy.min.js","ext":"./JS/南瓜影院.js"},
	{"key":"三三影视","name":"三三影视","type":3,"api":"./JS/drpy.min.js","ext":"./JS/三三影视.js"},
	{"key":"八号影院","name":"八号影院","type":3,"api":"./JS/drpy.min.js","ext":"./JS/八号影院.js"},
	{"key":"创艺影视","name":"创艺影视","type":3,"api":"./JS/drpy.min.js","ext":"./JS/创艺影视.js"},
	{"key":"首播影院","name":"首播影院","type":3,"api":"./JS/drpy.min.js","ext":"./JS/首播影院.js"},
	{"key":"北川影视","name":"北川影视","type":3,"api":"./JS/drpy.min.js","ext":"./JS/北川影视.js"},
	{"key":"乐鱼影视","name":"乐鱼影视","type":3,"api":"./JS/drpy.min.js","ext":"./JS/乐鱼影视.js"},
	{"key":"七喜影院","name":"七喜影院","type":3,"api":"./JS/drpy.min.js","ext":"./JS/七喜影院.js"},
	{"key":"思古影视","name":"思古影视","type":3,"api":"./JS/drpy.min.js","ext":"./JS/思古影视.js"},
	{"key":"星空影视","name":"星空影视","type":3,"api":"./JS/drpy.min.js","ext":"./JS/星空影视.js"},
	{"key":"九优电影","name":"九优电影","type":3,"api":"./JS/drpy.min.js","ext":"./JS/九优电影.js"},
	{"key":"量子影视","name":"量子影视","type":3,"api":"./JS/drpy.min.js","ext":"./JS/量子影视.js"},
	{"key":"在线之家","name":"在线之家","type":3,"api":"./JS/drpy.min.js","ext":"./JS/在线之家.js"},
	{"key":"饭团影视","name":"饭团影视","type":3,"api":"./JS/drpy.min.js","ext":"./JS/饭团影视.js"},
	{"key":"伊人追剧","name":"伊人追剧","type":3,"api":"./JS/drpy.min.js","ext":"./JS/伊人追剧.js"},
	{"key":"电影先生","name":"电影先生","type":3,"api":"./JS/drpy.min.js","ext":"./JS/电影先生.js"},
	{"key":"飞兔影视","name":"飞兔影视","type":3,"api":"./JS/drpy.min.js","ext":"./JS/飞兔影视.js"},
	{"key":"欧帝影院","name":"欧帝影院","type":3,"api":"./JS/drpy.min.js","ext":"./JS/欧帝影院.js"},
	{"key":"万博剧院","name":"万博剧院","type":3,"api":"./JS/drpy.min.js","ext":"./JS/万博剧院.js"},
	{"key":"我爱跟剧","name":"我爱跟剧","type":3,"api":"./JS/drpy.min.js","ext":"./JS/我爱跟剧.js"},
	{"key":"蛋蛋魔法","name":"蛋蛋魔法","type":3,"api":"./JS/drpy.min.js","ext":"./JS/蛋蛋魔法.js"},
	{"key":"吼吼影视","name":"吼吼影视","type":3,"api":"./JS/drpy.min.js","ext":"./JS/吼吼影视.js"},
	{"key":"宅腐影视","name":"宅腐影视","type":3,"api":"./JS/drpy.min.js","ext":"./JS/宅腐影视.js"},
	{"key":"小狗影院","name":"小狗影院","type":3,"api":"./JS/drpy.min.js","ext":"./JS/小狗影院.js"},
	{"key":"两个磁力","name":"两个磁力","type":3,"api":"./JS/drpy.min.js","ext":"./JS/两个磁力.js"},
	{"key":"来看点播","name":"来看点播","type":3,"api":"./JS/drpy.min.js","ext":"./JS/来看点播.js"},
	{"key":"起飞影院","name":"起飞影院","type":3,"api":"./JS/drpy.min.js","ext":"./JS/起飞影院.js"},
	{"key":"兄弟影视","name":"兄弟影视","type":3,"api":"./JS/drpy.min.js","ext":"./JS/兄弟影视.js"},
	{"key":"天空影视","name":"天空影视","type":3,"api":"./JS/drpy.min.js","ext":"./JS/天空影视.js"},
	{"key":"稀饭影视","name":"稀饭影视","type":3,"api":"./JS/drpy.min.js","ext":"./JS/稀饭影视.js"},
	{"key":"蜥蜴影视","name":"蜥蜴影视","type":3,"api":"./JS/drpy.min.js","ext":"./JS/蜥蜴影视.js"},
	{"key":"朴樱影视","name":"朴樱影视","type":3,"api":"./JS/drpy.min.js","ext":"./JS/朴樱影视.js"},
	{"key":"爱迪影视","name":"爱迪影视","type":3,"api":"./JS/drpy.min.js","ext":"./JS/爱迪影视.js"},
	{"key":"豆巴影视","name":"豆巴影视","type":3,"api":"./JS/drpy.min.js","ext":"./JS/豆巴影视.js"},
	{"key":"兰花影院","name":"兰花影院","type":3,"api":"./JS/drpy.min.js","ext":"./JS/兰花影院.js"},
	{"key":"奇优影院","name":"奇优影院","type":3,"api":"csp_XBPQ","searchable":1,"quickSearch":1,"filterable":1,"ext":"./XBPQ/奇优影院.json"},
	{"key":"爱看影视","name":"爱看影视","type":3,"api":"csp_XBPQ","searchable":1,"quickSearch":1,"filterable":1,"ext":"./XBPQ/爱看影视.json"},
	{"key":"金眼影视","name":"金眼影视","type":3,"api":"csp_XBPQ","searchable":1,"quickSearch":1,"filterable":1,"ext":"./XBPQ/金眼影视.json"},
	{"key":"骚火电影","name":"骚火电影","type":3,"api":"csp_XBPQ","searchable":1,"quickSearch":1,"filterable":1,"ext":"./XBPQ/骚火电影.json"},
	{"key":"冷曦影视","name":"冷曦影视","type":3,"api":"csp_XBPQ","searchable":1,"quickSearch":1,"filterable":1,"ext":"./XBPQ/冷曦影视.json"},
	{"key":"耐看点播","name":"耐看点播","type":3,"api":"csp_XBPQ","searchable":1,"quickSearch":1,"filterable":1,"ext":"./XBPQ/耐看点播.json"},
	{"key":"明帝影视","name":"明帝影视","type":3,"api":"csp_XBPQ","searchable":1,"quickSearch":1,"filterable":1,"ext":"./XBPQ/明帝影视.json"},
	{"key":"王者影视","name":"王者影视","type":3,"api":"csp_XBPQ","searchable":1,"quickSearch":1,"filterable":1,"ext":"./XBPQ/王者影视.json"},
	{"key":"六六影院","name":"六六影院","type":3,"api":"csp_XBPQ","searchable":1,"quickSearch":1,"filterable":1,"ext":"./XBPQ/六六影院.json"},
	{"key":"农民影视","name":"农民影视","type":3,"api":"csp_XBPQ","searchable":1,"quickSearch":1,"filterable":1,"ext":"./XBPQ/农民影视.json"},
	{"key":"秋霞影视","name":"秋霞影视","type":3,"api":"csp_XBPQ","searchable":1,"quickSearch":1,"filterable":1,"ext":"./XBPQ/秋霞影视.json"},
	{"key":"小鱼影视","name":"小鱼影视","type":3,"api":"csp_XBPQ","searchable":1,"quickSearch":1,"filterable":1,"ext":"./XBPQ/小鱼影视.json"},
	{"key":"石榴高清","name":"石榴高清","type":3,"api":"csp_XBPQ","searchable":1,"quickSearch":1,"filterable":1,"ext":"./XBPQ/石榴高清.json"},
	{"key":"七新影视","name":"七新影视","type":3,"api":"csp_XYQHiker","searchable":1,"quickSearch":1,"filterable":1,"ext":"./XYQHiker/七新影视.json"},
	{"key":"星辰影院","name":"星辰影院","type":3,"api":"csp_XYQHiker","searchable":1,"quickSearch":1,"filterable":1,"ext":"./XYQHiker/星辰影院.json"},
	{"key":"子子影视","name":"子子影视","type":3,"api":"csp_XYQHiker","searchable":1,"quickSearch":1,"filterable":1,"ext":"./XYQHiker/子子影视.json"},
	{"key":"蓝光影院","name":"蓝光影院","type":3,"api":"csp_XYQHiker","searchable":1,"quickSearch":1,"filterable":1,"ext":"./XYQHiker/蓝光影院.json"},
	{"key":"极客影院","name":"极客影院","type":3,"api":"csp_XYQHiker","searchable":1,"quickSearch":1,"filterable":1,"ext":"./XYQHiker/极客影院.json"},
	{"key":"锐行加速","name":"‍锐行加速","type":3,"api":"csp_XYQHiker","searchable":1,"quickSearch":1,"filterable":1,"ext":"./XYQHiker/锐行加速.json"},
	{"key":"疯狗影视","name":"‍疯狗影视","type":3,"api":"csp_XYQHiker","searchable":1,"quickSearch":1,"filterable":1,"ext":"./XYQHiker/疯狗影视.json"},
	{"key":"巨人影院","name":"‍巨人影院","type":3,"api":"csp_XYQHiker","searchable":1,"quickSearch":1,"filterable":1,"ext":"./XYQHiker/巨人影院.json"},
	{"key":"电影盒子","name":"电影盒子","type":3,"api":"csp_XYQHiker","searchable":1,"quickSearch":1,"filterable":1,"ext":"./XYQHiker/电影盒子.json"},
	{"key":"布蕾蓝光","name":"布蕾蓝光","type":3,"api":"csp_XYQHiker","searchable":1,"quickSearch":1,"filterable":1,"ext":"./XYQHiker/布蕾蓝光.json"},
	{"key":"一龙高清","name":"一龙高清","type":3,"api":"csp_XYQHiker","searchable":1,"quickSearch":1,"filterable":1,"ext":"./XYQHiker/一龙高清.json"},
	{"key":"深蓝影视","name":"深蓝影视","type":3,"api":"csp_XYQHiker","searchable":1,"quickSearch":1,"filterable":1,"ext":"./XYQHiker/深蓝影视.json"},
	{"key":"云镜影视","name":"云镜影视","type":3,"api":"csp_XYQHiker","searchable":1,"quickSearch":1,"filterable":1,"ext":"./XYQHiker/云镜影视.json"},
	{"key":"速搜影院","name":"速搜影院","type":3,"api":"csp_XYQHiker","searchable":1,"quickSearch":1,"filterable":1,"ext":"./XYQHiker/速搜影院.json"},
	{"key":"酷客影视","name":"酷客影视","type":3,"api":"csp_XYQHiker","searchable":1,"quickSearch":1,"filterable":1,"ext":"./XYQHiker/酷客影视.json"},
	{"key":"厂长影视","name":"厂长影视","type":3,"api":"csp_XYQHiker","searchable":1,"quickSearch":1,"filterable":1,"ext":"./XYQHiker/厂长影视.json"},
	{"key":"低端影视","name":"低端影视","type":3,"api":"csp_Ddys","searchable":1,"quickSearch":1,"filterable":1},
	{"key":"快看影视","name":"快看影视","type":3,"api":"csp_Kuaikan","searchable":1,"quickSearch":1,"filterable":1},
	{"key":"哔嘀视频","name":"哔嘀视频","type":3,"api":"csp_Bdys","playerType":1,"searchable":1,"quickSearch":1,"filterable":1},
	{"key":"六九美剧","name":"六九美剧","type":3,"api":"csp_AppYsV2","searchable":1,"quickSearch":1,"filterable":1,"ext":"https://www.69mj.com/xgapp.php/v2/"},
	{"key":"东方影视","name":"东方影视","type":3,"api":"csp_AppYsV2","searchable":1,"quickSearch":1,"filterable":1,"ext":"https://www.dfspapp.com/api.php/app/"},
	{"key":"酷影蓝光","name":"酷影蓝光","type":3,"api":"csp_AppYsV2","searchable":1,"quickSearch":1,"filterable":1,"ext":"http://cms.wbsys.top:9835/api.php/app/"},
	{"key":"多米蓝光","name":"多米蓝光","type":3,"api":"csp_AppYsV2","searchable":1,"quickSearch":1,"filterable":1,"ext":"http://vod.dmdh.top:5680//api.php/app/"},
	{"key":"黄黄影视","name":"黄黄影视","type":3,"api":"csp_AppYsV2","searchable":1,"quickSearch":1,"filterable":1,"ext":"https://yayayaaapp.ynf.icu/api.php/app/"},
	{"key":"免费影视","name":"免费影视","type":3,"api":"csp_AppYsV2","searchable":1,"quickSearch":1,"filterable":1,"ext":"https://www.freeok.vip/api.php/app/"},
	{"key":"如意蓝光","name":"如意蓝光","type":3,"api":"csp_AppYsV2","searchable":1,"quickSearch":1,"filterable":1,"ext":"http://cms.maoyingshi.cc/api.php/app/","playUrl":"json:https://jx.4kdv.com/?url="},
	{"key":"影图资源","name":"影图资源","type":1,"api":"https://cj.vodimg.top/api.php/provide/vod/","searchable":1,"quickSearch":1},
	{"key":"熊熊资源","name":"熊熊资源","type":1,"api":"https://v.3412.net.cn/macapi.php/provide/vod","playUrl":"https://player.i597.cc/?url=","searchable":1,"changeable":1},
	{"key":"暴风资源","name":"暴风资源","type":1,"api":"http://bfzy.tv/api.php/provide/vod/","searchable":1,"quickSearch":1,"filterable":0,"categories":["国产剧","欧美剧","香港剧","韩国剧","台湾剧","日本剧","海外剧","泰国剧","动作片","爱情片","喜剧片","科幻片","战争片","动漫片"]},
	{"key":"非凡资源","name":"非凡资源","type":0,"api":"http://cj.ffzyapi.com/api.php/provide/vod/at/xml/","searchable":1,"changeable":1,"categories":["国产动漫","日韩动漫","国产剧","韩国剧","日本剧","电影片","连续剧","综艺片","动漫片","动作片","喜剧片","爱情片","科幻片","恐怖片","剧情片","战争片","香港剧","欧美剧","记录片","台湾剧","海外剧","泰国剧","大陆综艺","港台综艺","日韩综艺","欧美综艺","欧美动漫","港台动漫","海外动漫"]},
	{"key":"量子资源","name":"量子资源","type":0,"api":"https://cj.lziapi.com/api.php/provide/vod/at/xml/","searchable":1,"changeable":1,"categories":["国产动漫","日韩动漫","国产剧","韩国剧","日本剧","电影片","连续剧","综艺片","动漫片","动作片","喜剧片","爱情片","科幻片","恐怖片","剧情片","战争片","台湾剧","香港剧","欧美剧","记录片","海外剧","泰国剧","大陆综艺","港台综艺","日韩综艺","欧美综艺","欧美动漫","港台动漫","海外动漫","体育","足球","篮球","网球","斯诺克"]},
	{"key":"AnFuns","name":"AnFuns","type":3,"api":"./JS/drpy.min.js","ext":"./JS/AnFuns.js"},
	{"key":"NT动漫","name":"NT动漫","type":3,"api":"./JS/drpy.min.js","ext":"./JS/NT动漫.js"},
	{"key":"NyaFun","name":"NyaFun","type":3,"api":"./JS/drpy.min.js","ext":"./JS/NyaFun.js"},
	{"key":"OmoFun","name":"OmoFun","type":3,"api":"./JS/drpy.min.js","ext":"./JS/OmoFun.js"},
	{"key":"二三三","name":"二三三","type":3,"api":"csp_XBPQ","searchable":1,"quickSearch":1,"filterable":1,"ext":"./XBPQ/二三三.json"},
	{"key":"路漫漫","name":"路漫漫","type":3,"api":"./JS/drpy.min.js","ext":"./JS/路漫漫.js"},
	{"key":"动漫岛","name":"动漫岛","type":3,"api":"./JS/drpy.min.js","ext":"./JS/动漫岛.js"},
	{"key":"去看吧","name":"去看吧","type":3,"api":"./JS/drpy.min.js","ext":"./JS/去看吧.js"},
	{"key":"爱弹幕","name":"爱弹幕","type":3,"api":"./JS/drpy.min.js","ext":"./JS/爱弹幕.js"},
	{"key":"异世界","name":"异世界","type":3,"api":"./JS/drpy.min.js","ext":"./JS/异世界.js"},
	{"key":"嘶哩嘶哩","name":"嘶哩嘶哩","type":3,"api":"./JS/drpy.min.js","ext":"./JS/嘶哩嘶哩.js"},
	{"key":"萌番动漫","name":"萌番动漫","type":3,"api":"./JS/drpy.min.js","ext":"./JS/萌番动漫.js"},
	{"key":"五八动漫","name":"五八动漫","type":3,"api":"./JS/drpy.min.js","ext":"./JS/五八动漫.js"},
	{"key":"怡萱动漫","name":"怡萱动漫","type":3,"api":"./JS/drpy.min.js","ext":"./JS/怡萱动漫.js"},
	{"key":"妮可动漫","name":"妮可动漫","type":3,"api":"./JS/drpy.min.js","ext":"./JS/妮可动漫.js"},
	{"key":"奇米动漫","name":"奇米动漫","type":3,"api":"./JS/drpy.min.js","ext":"./JS/奇米动漫.js"},
	{"key":"维奇动漫","name":"维奇动漫","type":3,"api":"csp_XBPQ","searchable":1,"quickSearch":1,"filterable":0,"ext":"./XBPQ/维奇动漫.json"},
	{"key":"动漫巴士","name":"动漫巴士","type":3,"api":"csp_XBPQ","searchable":1,"quickSearch":1,"filterable":0,"ext":"./XBPQ/动漫巴士.json"},
	{"key":"玩偶哥哥","name":"云盘｜玩偶","type":3,"api":"csp_XYQHikerAL","playerType":1,"searchable":1,"quickSearch":1,"filterable":1,"ext":"./XYQHiker/玩偶哥哥.json"},
	{"key":"PanSearch","name":"云盘｜搜索","type":3,"api":"csp_PanSearch","ext":"http://127.0.0.1:9978/file/TVBox/token.txt"},
	{"key":"Dovx","name":"云盘｜七夜","type":3,"api":"csp_Dovx","ext":"http://127.0.0.1:9978/file/TVBox/token.txt"},
	{"key":"YiSo","name":"云盘｜易搜","type":3,"api":"csp_YiSo","ext":"http://127.0.0.1:9978/file/TVBox/token.txt"},
	{"key":"UpYun","name":"云盘｜云搜","type":3,"api":"csp_UpYun","ext":"http://127.0.0.1:9978/file/TVBox/token.txt"},
	{"key":"PanSou","name":"云盘｜盘搜","type":3,"api":"csp_PanSou","ext":"http://127.0.0.1:9978/file/TVBox/token.txt"},
	{"key":"我的小站","name":"云盘｜小站","type":3,"api":"csp_XYQHikerAL","playerType":1,"searchable":1,"quickSearch":1,"filterable":1,"ext":"./XYQHiker/我的小站.json"},
	{"key":"橘子盘搜","name":"云盘｜橘子","type":3,"api":"csp_XYQHikerAL","playerType":1,"searchable":1,"quickSearch":1,"filterable":1,"ext":"./XYQHiker/橘子盘搜.json"},
	{"key":"云盘资源分享","name":"云盘｜分享","type":3,"api":"csp_XYQHikerAL","playerType":1,"searchable":1,"quickSearch":1,"filterable":1,"ext":"./XYQHiker/云盘资源分享.json"},
	{"key":"土拨鼠搜索","name":"云盘｜土拨鼠","type":3,"api":"csp_XYQHiker","playerType":1,"searchable":1,"quickSearch":1,"filterable":1,"ext":"./XYQHiker/土拨鼠搜索.json"},
	{"key":"豆豆飞搜索","name":"云盘｜豆豆飞","type":3,"api":"csp_XYQHikerAL","playerType":1,"searchable":1,"quickSearch":1,"filterable":1,"ext":"./XYQHiker/豆豆飞搜索.json"},
	{"key":"阿里云盘网","name":"云盘｜云盘网","type":3,"api":"csp_XYQHikerAL","playerType":1,"searchable":1,"quickSearch":1,"filterable":1,"ext":"./XYQHiker/阿里云盘网.json"},
	{"key":"云盘分享社","name":"云盘｜分享社","type":3,"api":"csp_XYQBiu","searchable":1,"quickSearch":1,"filterable":1,"ext":"./XYQBiu/云盘分享社.json"}],
"parses":
	[{"name":"线路1","type":0,"url":"https://jx.zhanlangbu.com/?url="},
	{"name":"线路2","type":0,"url":"https://jx.777jiexi.com/player/?url="},
	{"name":"线路3","type":0,"url":"https://jx.jsonplayer.com/player/?url=","ext":{"flag":["qq","腾讯","qiyi","爱奇艺","奇艺","youku","优酷","mgtv","芒果","letv","乐视","pptv","PPTV","sohu","bilibili","哔哩哔哩","哔哩"],"header":{"User-Agent":"okhttp/4.1.0"}}},
	{"name":"线路4","type":0,"url":"https://yun.ckmov.com/?url=","ext":{"flag":["qq","腾讯","qiyi","爱奇艺","奇艺","youku","优酷","mgtv","芒果","letv","乐视","pptv","PPTV","sohu","bilibili","哔哩哔哩","哔哩"],"header":{"User-Agent":"okhttp/4.1.0"}}},
	{"name":"线路5","type":0,"url":"https://www.nxflv.com/?url=","ext":{"flag":["qq","腾讯","企鹅","IQiYi","qiyi","爱奇艺","奇艺","youku","YouKu","优酷","sohu","SoHu","搜狐","letv","LeShi","乐视","imgo","mgtv","MangGuo","芒果","SLYS4k","BYGA","luanzi","AliS","dxzy","bilibili","QEYSS","xigua","西瓜视频","腾讯视频","奇艺视频","优酷视频","芒果视频","乐视视频"]}},
	{"name":"线路6","type":0,"url":"https://jx.m3u8.pw/?url="},
	{"name":"线路7","type":0,"url":"https://vip.bljiex.com/?v=","ext":{"flag":["qq","腾讯","qiyi","爱奇艺","奇艺","youku","优酷","mgtv","芒果","letv","乐视","pptv","PPTV","sohu","bilibili","哔哩哔哩","哔哩"],"header":{"User-Agent":"okhttp/4.1.0"}}},
	{"name":"线路8","type":1,"url":"https://www.m3u8.tv.cache.janan.net:4433/json2020.php?uid=M3U8.TV&token=88888888&url=","ext":{"flag":["qq","腾讯","qiyi","爱奇艺","奇艺","youku","优酷","mgtv","芒果","letv","乐视","pptv","PPTV","sohu","bilibili","哔哩哔哩","哔哩"],"header":{"User-Agent":"okhttp/4.1.0"}}},
	{"name":"线路9","type":1,"url":"http://49.235.238.58:678/?url=","ext":{"flag":["qq","腾讯","qiyi","爱奇艺","奇艺","youku","优酷","mgtv","芒果","letv","乐视","pptv","PPTV","sohu","bilibili","哔哩哔哩","哔哩"],"header":{"User-Agent":"okhttp/4.1.0"}}},
	{"name":"线路10","type":1,"url":"http://27.124.4.42:4567/jhjson/ceshi.php?url=","ext":{"flag":["qq","腾讯","qiyi","爱奇艺","奇艺","youku","优酷","mgtv","芒果","letv","乐视","pptv","PPTV","sohu","bilibili","哔哩哔哩","哔哩"],"header":{"User-Agent":"okhttp/4.1.0"}}},
	{"name":"线路11","type":1,"url":"https://api.json.icu/api/?key=96e367598dd84cf9ed4ff7d08fb16864&url="},
	{"name":"线路12","type":1,"url":"https://api.json.icu/api/?key=da5e816ee2b93d2b7b8d2f966940aa92&url="},
	{"name":"线路13","type":0,"url":"https://www.nxflv.com/?url=","ext":{"flag":["qq","腾讯","企鹅","IQiYi","qiyi","爱奇艺","奇艺","youku","YouKu","优酷","sohu","SoHu","搜狐","letv","LeShi","乐视","imgo","mgtv","MangGuo","芒果","SLYS4k","BYGA","luanzi","AliS","dxzy","bilibili","QEYSS","xigua","西瓜视频","腾讯视频","奇艺视频","优酷视频","芒果视频","乐视视频"]}},
	{"name":"线路14","type":0,"url":"https://jx.bozrc.com:4433/player/?url=","ext":{"flag":["qq","腾讯","qiyi","爱奇艺","奇艺","youku","优酷","mgtv","芒果","letv","乐视","pptv","PPTV","sohu","bilibili","哔哩哔哩","哔哩"],"header":{"User-Agent":"okhttp/4.1.0"}}},
	{"name":"线路15","type":0,"url":"https://jx.xmflv.com/?url=","ext":{"flag":["qq","腾讯","qiyi","爱奇艺","奇艺","youku","优酷","mgtv","芒果","letv","乐视","pptv","PPTV","sohu","bilibili","哔哩哔哩","哔哩"],"header":{"User-Agent":"okhttp/4.1.0"}}},
	{"name":"线路16","type":0,"url":"https://www.yemu.xyz/?url=","ext":{"flag":["qq","腾讯","企鹅","IQiYi","qiyi","爱奇艺","奇艺","youku","YouKu","优酷","sohu","SoHu","搜狐","letv","LeShi","乐视","imgo","mgtv","MangGuo","芒果","SLYS4k","BYGA","luanzi","AliS","dxzy","bilibili","QEYSS","xigua","西瓜视频","腾讯视频","奇艺视频","优酷视频","芒果视频","乐视视频"]}}],
"rules":
	[{"name":"量子广告","hosts":["vip.lz","hd.lz"],"regex":["#EXT-X-DISCONTINUITY\\r*\\n*#EXTINF:6.433333,[\\s\\S]*?#EXT-X-DISCONTINUITY"]},
	{"name":"非凡广告","hosts":["vip.ffzy","hd.ffzy"],"regex":["#EXT-X-DISCONTINUITY\\r*\\n*#EXTINF:6.666667,[\\s\\S]*?#EXT-X-DISCONTINUITY"]},
	{"name":"火山嗅探","hosts":["huoshan.com"],"regex":["item_id="]},
	{"name":"抖音嗅探","hosts":["douyin.com"],"regex":["is_play_url="]}],
"doh":
	[{"name":"AdGuard","url":"https://dns.adguard.com/dns-query","ips":["94.140.14.140","94.140.14.141"]},
	{"name":"Cloudflare","url":"https://cloudflare-dns.com/dns-query","ips":["1.1.1.1","1.0.0.1","2606:4700:4700::1111","2606:4700:4700::1001"]},
	{"name":"DNSWatch","url":"https://resolver2.dns.watch/dns-query","ips":["84.200.69.80","84.200.70.40"]},
	{"name":"Google","url":"https://dns.google/dns-query","ips":["8.8.4.4","8.8.8.8"]},
	{"name":"Quad9","url":"https://dns.quad9.net/dns-quer","ips":["9.9.9.9","149.112.112.112"]}],
"lives":
	[{"name":"live","type":0,"url":"./live.txt","playerType":1,"epg":"http://epg.112114.xyz/?ch={name}&date={date}","logo":"https://epg.112114.xyz/logo/{name}.png"}],
"flags":
	["youku","qq","QQ","iqiyi","qiyi","letv","sohu","tudou","pptv","PPTV","mgtv","ltnb","rx","SLYS4k","BYGA","luanzi","dxzy","QEYSS","aliyun","AliS","122","chuangying","CL4K","xfyun","wuduzy","wasu","bilibili","renrenmi","xmm","xigua","m1905","funshion","优酷","芒果","腾讯","爱奇艺","奇艺","哔哩哔哩","哔哩","西瓜视频","腾讯视频","奇艺视频","优酷视频","芒果视频","乐视视频"],
"ijk":
	[{"group":"软解码","options":
		[{"category":4,"name":"opensles","value":"0"},
		{"category":4,"name":"overlay-format","value":"842225234"},
		{"category":4,"name":"framedrop","value":"1"},
		{"category":4,"name":"soundtouch","value":"1"},
		{"category":4,"name":"start-on-prepared","value":"1"},
		{"category":1,"name":"http-detect-range-support","value":"0"},
		{"category":1,"name":"fflags","value":"fastseek"},
		{"category":2,"name":"skip_loop_filter","value":"48"},
		{"category":4,"name":"reconnect","value":"1"},
		{"category":4,"name":"max-buffer-size","value":"5242880"},
		{"category":4,"name":"enable-accurate-seek","value":"0"},
		{"category":4,"name":"mediacodec","value":"0"},
		{"category":4,"name":"mediacodec-auto-rotate","value":"0"},
		{"category":4,"name":"mediacodec-handle-resolution-change","value":"0"},
		{"category":4,"name":"mediacodec-hevc","value":"0"},
		{"category":1,"name":"dns_cache_timeout","value":"600000000"}]},
	{"group":"硬解码","options":
		[{"category":4,"name":"opensles","value":"0"},
		{"category":4,"name":"overlay-format","value":"842225234"},
		{"category":4,"name":"framedrop","value":"1"},
		{"category":4,"name":"soundtouch","value":"1"},
		{"category":4,"name":"start-on-prepared","value":"1"},
		{"category":1,"name":"http-detect-range-support","value":"0"},
		{"category":1,"name":"fflags","value":"fastseek"},
		{"category":2,"name":"skip_loop_filter","value":"48"},
		{"category":4,"name":"reconnect","value":"1"},
		{"category":4,"name":"max-buffer-size","value":"5242880"},
		{"category":4,"name":"enable-accurate-seek","value":"0"},
		{"category":4,"name":"mediacodec","value":"1"},
		{"category":4,"name":"mediacodec-auto-rotate","value":"1"},
		{"category":4,"name":"mediacodec-handle-resolution-change","value":"1"},
		{"category":4,"name":"mediacodec-hevc","value":"1"},
		{"category":1,"name":"dns_cache_timeout","value":"600000000"}]}],
"ads":
	["wan.51img1.com",
	"iqiyi.hbuioo.com",
	"vip.ffzyad.com",
	"https://lf1-cdn-tos.bytegoofy.com/obj/tos-cn-i-dy/455ccf9e8ae744378118e4bd289288dd",
	"mimg.0c1q0l.cn",
	"www.googletagmanager.com",
	"www.google-analytics.com",
	"mc.usihnbcq.cn",
	"mg.g1mm3d.cn",
	"mscs.svaeuzh.cn",
	"cnzz.hhttm.top",
	"tp.vinuxhome.com",
	"cnzz.mmstat.com",
	"www.baihuillq.com",
	"s23.cnzz.com",
	"z3.cnzz.com",
	"c.cnzz.com",
	"stj.v1vo.top",
	"z12.cnzz.com",
	"img.mosflower.cn",
	"tips.gamevvip.com",
	"ehwe.yhdtns.com",
	"xdn.cqqc3.com",
	"www.jixunkyy.cn",
	"sp.chemacid.cn",
	"hm.baidu.com",
	"s9.cnzz.com",
	"z6.cnzz.com",
	"um.cavuc.com",
	"mav.mavuz.com",
	"wofwk.aoidf3.com",
	"z5.cnzz.com",
	"xc.hubeijieshikj.cn",
	"tj.tianwenhu.com",
	"xg.gars57.cn",
	"k.jinxiuzhilv.com",
	"cdn.bootcss.com",
	"ppl.xunzhuo123.com",
	"xomk.jiangjunmh.top",
	"img.xunzhuo123.com",
	"z1.cnzz.com",
	"s13.cnzz.com",
	"xg.huataisangao.cn",
	"z7.cnzz.com",
	"xg.huataisangao.cn",
	"z2.cnzz.com",
	"s96.cnzz.com",
	"q11.cnzz.com",
	"thy.dacedsfa.cn",
	"xg.whsbpw.cn",
	"s19.cnzz.com",
	"z8.cnzz.com",
	"s4.cnzz.com",
	"f5w.as12df.top",
	"ae01.alicdn.com",
	"www.92424.cn",
	"k.wudejia.com",
	"vivovip.mmszxc.top",
	"qiu.xixiqiu.com",
	"cdnjs.hnfenxun.com",
	"cms.qdwght.com"]
}